id,location_id,date,temp
1,1,2024-09-06T17:46:04Z,25.3
2,1,2024-09-07T17:46:04Z,26.8
3,1,2024-09-08T17:46:04Z,27.1
4,1,2024-09-09T17:46:04Z,17.8
5,1,2024-09-10T17:46:04Z,13.6
6,1,2024-09-11T17:46:04Z,14.3
7,1,2024-09-12T17:46:04Z,13.1
8,1,2024-09-13T17:46:04Z,13.8
9,2,2024-09-06T17:46:05Z,26.7
10,2,2024-09-07T17:46:05Z,25.1
11,2,2024-09-08T17:46:05Z,21.1
12,2,2024-09-09T17:46:05Z,25.4
13,2,2024-09-10T17:46:05Z,26.7
14,2,2024-09-11T17:46:05Z,26.4
15,2,2024-09-12T17:46:05Z,26.3
16,2,2024-09-13T17:46:05Z,27.6
17,3,2024-09-06T17:46:05Z,23.2
18,3,2024-09-07T17:46:05Z,24.0
19,3,2024-09-08T17:46:05Z,23.7
20,3,2024-09-09T17:46:05Z,22.6
21,3,2024-09-10T17:46:05Z,24.5
22,3,2024-09-11T17:46:05Z,25.3
23,3,2024-09-12T17:46:05Z,24.5
24,3,2024-09-13T17:46:05Z,25.1
25,4,2024-09-06T17:52:02Z,25.1
26,4,2024-09-07T17:52:02Z,26.5
27,4,2024-09-08T17:52:02Z,27.0
28,4,2024-09-09T17:52:02Z,17.7
29,4,2024-09-10T17:52:02Z,13.5
30,4,2024-09-11T17:52:02Z,14.2
31,4,2024-09-12T17:52:02Z,13.0
32,4,2024-09-13T17:52:02Z,13.7
33,5,2024-09-06T17:52:02Z,26.8
34,5,2024-09-07T17:52:02Z,25.0
35,5,2024-09-08T17:52:02Z,21.2
36,5,2024-09-09T17:52:02Z,25.5
37,5,2024-09-10T17:52:02Z,26.8
38,5,2024-09-11T17:52:02Z,26.5
39,5,2024-09-12T17:52:02Z,26.5
40,5,2024-09-13T17:52:02Z,27.8
41,6,2024-09-06T17:52:02Z,23.2
42,6,2024-09-07T17:52:02Z,23.9
43,6,2024-09-08T17:52:02Z,23.7
44,6,2024-09-09T17:52:02Z,22.6
45,6,2024-09-10T17:52:02Z,24.5
46,6,2024-09-11T17:52:02Z,25.3
47,6,2024-09-12T17:52:02Z,24.4
48,6,2024-09-13T17:52:02Z,25.1
49,7,2024-09-08T15:18:53Z,30.6
50,7,2024-09-09T15:18:53Z,18.1
51,7,2024-09-10T15:18:53Z,18.4
52,7,2024-09-11T15:18:53Z,12.9
53,7,2024-09-12T15:18:53Z,15.0
54,7,2024-09-13T15:18:53Z,16.8
55,7,2024-09-14T15:18:53Z,16.6
56,7,2024-09-15T15:18:53Z,16.8
57,8,2024-09-08T15:18:53Z,18.2
58,8,2024-09-09T15:18:53Z,21.6
59,8,2024-09-10T15:18:53Z,21.8
60,8,2024-09-11T15:18:53Z,23.4
61,8,2024-09-12T15:18:53Z,25.6
62,8,2024-09-13T15:18:53Z,27.1
63,8,2024-09-14T15:18:53Z,25.3
64,8,2024-09-15T15:18:53Z,24.1
65,9,2024-09-08T15:18:53Z,24.3
66,9,2024-09-09T15:18:53Z,24.0
67,9,2024-09-10T15:18:53Z,25.6
68,9,2024-09-11T15:18:53Z,25.7
69,9,2024-09-12T15:18:53Z,25.7
70,9,2024-09-13T15:18:53Z,25.7
71,9,2024-09-14T15:18:53Z,24.8
72,9,2024-09-15T15:18:53Z,25.1
73,10,2024-09-08T15:18:53Z,30.6
74,10,2024-09-09T15:18:53Z,18.1
75,10,2024-09-10T15:18:53Z,18.4
76,10,2024-09-11T15:18:53Z,12.9
77,10,2024-09-12T15:18:53Z,15.0
78,10,2024-09-13T15:18:53Z,16.8
79,10,2024-09-14T15:18:53Z,16.6
80,10,2024-09-15T15:18:53Z,16.8
81,11,2024-09-08T15:18:54Z,18.2
82,11,2024-09-09T15:18:54Z,21.6
83,11,2024-09-10T15:18:54Z,21.8
84,11,2024-09-11T15:18:54Z,23.4
85,11,2024-09-12T15:18:54Z,25.6
86,11,2024-09-13T15:18:54Z,27.1
87,11,2024-09-14T15:18:54Z,25.3
88,11,2024-09-15T15:18:54Z,24.1
89,12,2024-09-08T15:18:54Z,24.3
90,12,2024-09-09T15:18:54Z,24.0
91,12,2024-09-10T15:18:54Z,25.6
92,12,2024-09-11T15:18:54Z,25.7
93,12,2024-09-12T15:18:54Z,25.7
94,12,2024-09-13T15:18:54Z,25.7
95,12,2024-09-14T15:18:54Z,24.8
96,12,2024-09-15T15:18:54Z,25.1
97,13,2024-09-08T15:18:54Z,30.6
98,13,2024-09-09T15:18:54Z,18.1
99,13,2024-09-10T15:18:54Z,18.4
100,13,2024-09-11T15:18:54Z,12.9
101,13,2024-09-12T15:18:54Z,15.0
102,13,2024-09-13T15:18:54Z,16.8
103,13,2024-09-14T15:18:54Z,16.6
104,13,2024-09-15T15:18:54Z,16.8
105,14,2024-09-08T15:18:54Z,18.2
106,14,2024-09-09T15:18:54Z,21.6
107,14,2024-09-10T15:18:54Z,21.8
108,14,2024-09-11T15:18:54Z,23.4
109,14,2024-09-12T15:18:54Z,25.6
110,14,2024-09-13T15:18:54Z,27.1
111,14,2024-09-14T15:18:54Z,25.3
112,14,2024-09-15T15:18:54Z,24.1
113,15,2024-09-08T15:18:55Z,24.3
114,15,2024-09-09T15:18:55Z,24.0
115,15,2024-09-10T15:18:55Z,25.6
116,15,2024-09-11T15:18:55Z,25.7
117,15,2024-09-12T15:18:55Z,25.7
118,15,2024-09-13T15:18:55Z,25.7
119,15,2024-09-14T15:18:55Z,24.8
120,15,2024-09-15T15:18:55Z,25.1
121,16,2024-09-08T15:18:55Z,30.6
122,16,2024-09-09T15:18:55Z,18.1
123,16,2024-09-10T15:18:55Z,18.4
124,16,2024-09-11T15:18:55Z,12.9
125,16,2024-09-12T15:18:55Z,15.0
126,16,2024-09-13T15:18:55Z,16.8
127,16,2024-09-14T15:18:55Z,16.6
128,16,2024-09-15T15:18:55Z,16.8
129,17,2024-09-08T15:18:55Z,18.2
130,17,2024-09-09T15:18:55Z,21.6
131,17,2024-09-10T15:18:55Z,21.8
132,17,2024-09-11T15:18:55Z,23.4
133,17,2024-09-12T15:18:55Z,25.6
134,17,2024-09-13T15:18:55Z,27.1
135,17,2024-09-14T15:18:55Z,25.3
136,17,2024-09-15T15:18:55Z,24.1
137,18,2024-09-08T15:18:55Z,24.3
138,18,2024-09-09T15:18:55Z,24.0
139,18,2024-09-10T15:18:55Z,25.6
140,18,2024-09-11T15:18:55Z,25.7
141,18,2024-09-12T15:18:55Z,25.7
142,18,2024-09-13T15:18:55Z,25.7
143,18,2024-09-14T15:18:55Z,24.8
144,18,2024-09-15T15:18:55Z,25.1
145,1,2024-09-08T15:27:22Z,30.6
146,1,2024-09-09T15:27:22Z,18.2
147,1,2024-09-10T15:27:22Z,18.3
148,1,2024-09-11T15:27:22Z,12.8
149,1,2024-09-12T15:27:22Z,14.9
150,1,2024-09-13T15:27:22Z,16.7
151,1,2024-09-14T15:27:22Z,16.5
152,1,2024-09-15T15:27:22Z,16.8
153,2,2024-09-08T15:27:23Z,18.4
154,2,2024-09-09T15:27:23Z,21.8
155,2,2024-09-10T15:27:23Z,21.9
156,2,2024-09-11T15:27:23Z,23.5
157,2,2024-09-12T15:27:23Z,25.8
158,2,2024-09-13T15:27:23Z,27.2
159,2,2024-09-14T15:27:23Z,25.6
160,2,2024-09-15T15:27:23Z,24.3
161,3,2024-09-08T15:27:23Z,24.3
162,3,2024-09-09T15:27:23Z,24.0
163,3,2024-09-10T15:27:23Z,25.5
164,3,2024-09-11T15:27:23Z,25.7
165,3,2024-09-12T15:27:23Z,25.6
166,3,2024-09-13T15:27:23Z,25.7
167,3,2024-09-14T15:27:23Z,24.7
168,3,2024-09-15T15:27:23Z,25.0
169,1,2024-09-08T15:30:07Z,30.5
170,1,2024-09-09T15:30:07Z,18.2
171,1,2024-09-10T15:30:07Z,18.2
172,1,2024-09-11T15:30:07Z,12.8
173,1,2024-09-12T15:30:07Z,14.9
174,1,2024-09-13T15:30:07Z,16.7
175,1,2024-09-14T15:30:07Z,16.5
176,1,2024-09-15T15:30:07Z,16.8
177,2,2024-09-08T15:30:07Z,18.5
178,2,2024-09-09T15:30:07Z,21.9
179,2,2024-09-10T15:30:07Z,22.0
180,2,2024-09-11T15:30:07Z,23.5
181,2,2024-09-12T15:30:07Z,25.9
182,2,2024-09-13T15:30:07Z,27.3
183,2,2024-09-14T15:30:07Z,25.7
184,2,2024-09-15T15:30:07Z,24.4
185,3,2024-09-08T15:30:07Z,24.3
186,3,2024-09-09T15:30:07Z,23.9
187,3,2024-09-10T15:30:07Z,25.5
188,3,2024-09-11T15:30:07Z,25.7
189,3,2024-09-12T15:30:07Z,25.6
190,3,2024-09-13T15:30:07Z,25.7
191,3,2024-09-14T15:30:07Z,24.7
192,3,2024-09-15T15:30:07Z,25.0
193,1,2024-09-08T15:30:07Z,30.5
194,1,2024-09-09T15:30:07Z,18.2
195,1,2024-09-10T15:30:07Z,18.2
196,1,2024-09-11T15:30:07Z,12.8
197,1,2024-09-12T15:30:07Z,14.9
198,1,2024-09-13T15:30:07Z,16.7
199,1,2024-09-14T15:30:07Z,16.5
200,1,2024-09-15T15:30:07Z,16.8
201,2,2024-09-08T15:30:08Z,18.5
202,2,2024-09-09T15:30:08Z,21.9
203,2,2024-09-10T15:30:08Z,22.0
204,2,2024-09-11T15:30:08Z,23.5
205,2,2024-09-12T15:30:08Z,25.9
206,2,2024-09-13T15:30:08Z,27.3
207,2,2024-09-14T15:30:08Z,25.7
208,2,2024-09-15T15:30:08Z,24.4
209,3,2024-09-08T15:30:08Z,24.3
210,3,2024-09-09T15:30:08Z,23.9
211,3,2024-09-10T15:30:08Z,25.5
212,3,2024-09-11T15:30:08Z,25.7
213,3,2024-09-12T15:30:08Z,25.6
214,3,2024-09-13T15:30:08Z,25.7
215,3,2024-09-14T15:30:08Z,24.7
216,3,2024-09-15T15:30:08Z,25.0
217,1,2024-09-08T15:30:08Z,30.5
218,1,2024-09-09T15:30:08Z,18.2
219,1,2024-09-10T15:30:08Z,18.2
220,1,2024-09-11T15:30:08Z,12.8
221,1,2024-09-12T15:30:08Z,14.9
222,1,2024-09-13T15:30:08Z,16.7
223,1,2024-09-14T15:30:08Z,16.5
224,1,2024-09-15T15:30:08Z,16.8
225,2,2024-09-08T15:30:08Z,18.5
226,2,2024-09-09T15:30:08Z,21.9
227,2,2024-09-10T15:30:08Z,22.0
228,2,2024-09-11T15:30:08Z,23.5
229,2,2024-09-12T15:30:08Z,25.9
230,2,2024-09-13T15:30:08Z,27.3
231,2,2024-09-14T15:30:08Z,25.7
232,2,2024-09-15T15:30:08Z,24.4
233,3,2024-09-08T15:30:08Z,24.3
234,3,2024-09-09T15:30:08Z,23.9
235,3,2024-09-10T15:30:08Z,25.5
236,3,2024-09-11T15:30:08Z,25.7
237,3,2024-09-12T15:30:08Z,25.6
238,3,2024-09-13T15:30:08Z,25.7
239,3,2024-09-14T15:30:08Z,24.7
240,3,2024-09-15T15:30:08Z,25.0
241,1,2024-09-08T15:30:09Z,30.5
242,1,2024-09-09T15:30:09Z,18.2
243,1,2024-09-10T15:30:09Z,18.2
244,1,2024-09-11T15:30:09Z,12.8
245,1,2024-09-12T15:30:09Z,14.9
246,1,2024-09-13T15:30:09Z,16.7
247,1,2024-09-14T15:30:09Z,16.5
248,1,2024-09-15T15:30:09Z,16.8
249,2,2024-09-08T15:30:09Z,18.5
250,2,2024-09-09T15:30:09Z,21.9
251,2,2024-09-10T15:30:09Z,22.0
252,2,2024-09-11T15:30:09Z,23.5
253,2,2024-09-12T15:30:09Z,25.9
254,2,2024-09-13T15:30:09Z,27.3
255,2,2024-09-14T15:30:09Z,25.7
256,2,2024-09-15T15:30:09Z,24.4
257,3,2024-09-08T15:30:09Z,24.3
258,3,2024-09-09T15:30:09Z,23.9
259,3,2024-09-10T15:30:09Z,25.5
260,3,2024-09-11T15:30:09Z,25.7
261,3,2024-09-12T15:30:09Z,25.6
262,3,2024-09-13T15:30:09Z,25.7
263,3,2024-09-14T15:30:09Z,24.7
264,3,2024-09-15T15:30:09Z,25.0
265,1,2024-09-08T15:31:14Z,30.5
266,1,2024-09-09T15:31:14Z,18.2
267,1,2024-09-10T15:31:14Z,18.2
268,1,2024-09-11T15:31:14Z,12.8
269,1,2024-09-12T15:31:14Z,14.9
270,1,2024-09-13T15:31:14Z,16.7
271,1,2024-09-14T15:31:14Z,16.5
272,1,2024-09-15T15:31:14Z,16.8
273,2,2024-09-08T15:31:14Z,18.5
274,2,2024-09-09T15:31:14Z,21.9
275,2,2024-09-10T15:31:14Z,22.0
276,2,2024-09-11T15:31:14Z,23.5
277,2,2024-09-12T15:31:14Z,25.9
278,2,2024-09-13T15:31:14Z,27.3
279,2,2024-09-14T15:31:14Z,25.7
280,2,2024-09-15T15:31:14Z,24.4
281,3,2024-09-08T15:31:15Z,24.3
282,3,2024-09-09T15:31:15Z,23.9
283,3,2024-09-10T15:31:15Z,25.5
284,3,2024-09-11T15:31:15Z,25.7
285,3,2024-09-12T15:31:15Z,25.6
286,3,2024-09-13T15:31:15Z,25.7
287,3,2024-09-14T15:31:15Z,24.7
288,3,2024-09-15T15:31:15Z,25.0
289,1,2024-09-08T15:34:13Z,30.5
290,1,2024-09-09T15:34:13Z,18.2
291,1,2024-09-10T15:34:13Z,18.2
292,1,2024-09-11T15:34:13Z,12.8
293,1,2024-09-12T15:34:13Z,14.8
294,1,2024-09-13T15:34:13Z,16.7
295,1,2024-09-14T15:34:13Z,16.4
296,1,2024-09-15T15:34:13Z,16.7
297,2,2024-09-08T15:34:13Z,18.6
298,2,2024-09-09T15:34:13Z,22.0
299,2,2024-09-10T15:34:13Z,22.1
300,2,2024-09-11T15:34:13Z,23.6
301,2,2024-09-12T15:34:13Z,25.9
302,2,2024-09-13T15:34:13Z,27.3
303,2,2024-09-14T15:34:13Z,25.8
304,2,2024-09-15T15:34:13Z,24.5
305,3,2024-09-08T15:34:13Z,24.3
306,3,2024-09-09T15:34:13Z,23.9
307,3,2024-09-10T15:34:13Z,25.5
308,3,2024-09-11T15:34:13Z,25.7
309,3,2024-09-12T15:34:13Z,25.6
310,3,2024-09-13T15:34:13Z,25.7
311,3,2024-09-14T15:34:13Z,24.7
312,3,2024-09-15T15:34:13Z,25.0
313,1,2024-09-08T15:34:23Z,30.5
314,1,2024-09-09T15:34:23Z,18.2
315,1,2024-09-10T15:34:23Z,18.2
316,1,2024-09-11T15:34:23Z,12.8
317,1,2024-09-12T15:34:23Z,14.8
318,1,2024-09-13T15:34:23Z,16.7
319,1,2024-09-14T15:34:23Z,16.4
320,1,2024-09-15T15:34:23Z,16.7
321,2,2024-09-08T15:34:24Z,18.6
322,2,2024-09-09T15:34:24Z,22.0
323,2,2024-09-10T15:34:24Z,22.1
324,2,2024-09-11T15:34:24Z,23.6
325,2,2024-09-12T15:34:24Z,25.9
326,2,2024-09-13T15:34:24Z,27.3
327,2,2024-09-14T15:34:24Z,25.8
328,2,2024-09-15T15:34:24Z,24.5
329,3,2024-09-08T15:34:24Z,24.3
330,3,2024-09-09T15:34:24Z,23.9
331,3,2024-09-10T15:34:24Z,25.5
332,3,2024-09-11T15:34:24Z,25.7
333,3,2024-09-12T15:34:24Z,25.6
334,3,2024-09-13T15:34:24Z,25.7
335,3,2024-09-14T15:34:24Z,24.7
336,3,2024-09-15T15:34:24Z,25.0
337,1,2024-09-08T15:36:16Z,30.5
338,1,2024-09-09T15:36:16Z,18.2
339,1,2024-09-10T15:36:16Z,18.2
340,1,2024-09-11T15:36:16Z,12.8
341,1,2024-09-12T15:36:16Z,14.8
342,1,2024-09-13T15:36:16Z,16.6
343,1,2024-09-14T15:36:16Z,16.4
344,1,2024-09-15T15:36:16Z,16.7
345,2,2024-09-08T15:36:16Z,18.6
346,2,2024-09-09T15:36:16Z,22.1
347,2,2024-09-10T15:36:16Z,22.1
348,2,2024-09-11T15:36:16Z,23.6
349,2,2024-09-12T15:36:16Z,26.0
350,2,2024-09-13T15:36:16Z,27.4
351,2,2024-09-14T15:36:16Z,25.9
352,2,2024-09-15T15:36:16Z,24.5
353,3,2024-09-08T15:36:16Z,24.3
354,3,2024-09-09T15:36:16Z,23.9
355,3,2024-09-10T15:36:16Z,25.5
356,3,2024-09-11T15:36:16Z,25.7
357,3,2024-09-12T15:36:16Z,25.6
358,3,2024-09-13T15:36:16Z,25.7
359,3,2024-09-14T15:36:16Z,24.7
360,3,2024-09-15T15:36:16Z,25.0
